hemisphere,start_x,start_y,start_z,end_x,end_y,end_z,p1_x,p1_y,p1_z,p2_x,p2_y,p2_z,obstacle_distance,path_length,weighted_objective
right,50.25,67.75,110.25,108.75,129.75,86.75,63.58967262743661,81.31701228391869,102.6784724533493,87.89688404332072,108.22002213637114,97.33974837121828,7.46240577829965,88.47852409203088,-0.7552553890186813
